amplitude_induced;amplitude_evoked;modulation_induced;modulation_evoked;subtraction_induced;subtraction_evoked;subjects;condition;time;RDK_id;RDK_position;RDK_freq;RDK_color;RDK_isattended;RDK_isprimed;RDK_electrodes
6.53975579865585;3.54626956705511;0;0;0;0;1;1;[-1 0] ;RDK1;center;17;orange;attended;primed;{'P5','PO3','PO7','O1','I1','POz','Oz','Iz','P6','PO4','PO8','O2','I2'}
4.45983904635412;1.74128385090969;0;0;0;0;1;1;[-1 0] ;RDK2;center;20;blau;attended;nonprimed;{'P5','PO3','PO7','O1','I1','POz','Oz','Iz','P6','PO4','PO8','O2','I2'}
3.24014938935726;0.750522824698651;0;0;0;0;1;1;[-1 0] ;RDK3;center;23;grün;not attended;not attended;{'P5','PO3','PO7','O1','I1','POz','Oz','Iz','P6','PO4','PO8','O2','I2'}
6.31191247736914;3.54050754936489;0;0;0;0;1;2;[-1 0] ;RDK1;center;17;orange;not attended;not attended;{'P5','PO3','PO7','O1','I1','POz','Oz','Iz','P6','PO4','PO8','O2','I2'}
4.39207741635791;1.69135137210936;0;0;0;0;1;2;[-1 0] ;RDK2;center;20;blau;attended;primed;{'P5','PO3','PO7','O1','I1','POz','Oz','Iz','P6','PO4','PO8','O2','I2'}
3.09054285393664;0.597104364466032;0;0;0;0;1;2;[-1 0] ;RDK3;center;23;grün;attended;nonprimed;{'P5','PO3','PO7','O1','I1','POz','Oz','Iz','P6','PO4','PO8','O2','I2'}
6.53040010124974;3.69609082662142;0;0;0;0;1;3;[-1 0] ;RDK1;center;17;orange;attended;nonprimed;{'P5','PO3','PO7','O1','I1','POz','Oz','Iz','P6','PO4','PO8','O2','I2'}
4.34575885428479;1.65825941435684;0;0;0;0;1;3;[-1 0] ;RDK2;center;20;blau;not attended;not attended;{'P5','PO3','PO7','O1','I1','POz','Oz','Iz','P6','PO4','PO8','O2','I2'}
3.12508052763854;0.58310440724947;0;0;0;0;1;3;[-1 0] ;RDK3;center;23;grün;attended;primed;{'P5','PO3','PO7','O1','I1','POz','Oz','Iz','P6','PO4','PO8','O2','I2'}
5.66059772784893;3.60806593845582;-13.4432859249518;1.74257399873936;-0.879158070806921;0.061796371400709;1;1;[0.5 1.5] ;RDK1;center;17;orange;attended;primed;{'P5','PO3','PO7','O1','I1','POz','Oz','Iz','P6','PO4','PO8','O2','I2'}
4.04068171343154;1.80373591960535;-9.39848565309184;3.58655302884874;-0.41915733292258;0.0624520686956553;1;1;[0.5 1.5] ;RDK2;center;20;blau;attended;nonprimed;{'P5','PO3','PO7','O1','I1','POz','Oz','Iz','P6','PO4','PO8','O2','I2'}
3.04747433775275;0.876264352064866;-5.94648667241614;16.7538578745693;-0.192675051604502;0.125741527366215;1;1;[0.5 1.5] ;RDK3;center;23;grün;not attended;not attended;{'P5','PO3','PO7','O1','I1','POz','Oz','Iz','P6','PO4','PO8','O2','I2'}
5.30677750406886;3.47383606821828;-15.9244124012193;-1.88310518243563;-1.00513497330028;-0.0666714811466149;1;2;[0.5 1.5] ;RDK1;center;17;orange;not attended;not attended;{'P5','PO3','PO7','O1','I1','POz','Oz','Iz','P6','PO4','PO8','O2','I2'}
3.90795379700745;1.98053104108607;-11.0226567853148;17.0975513276145;-0.484123619350456;0.289179668976711;1;2;[0.5 1.5] ;RDK2;center;20;blau;attended;primed;{'P5','PO3','PO7','O1','I1','POz','Oz','Iz','P6','PO4','PO8','O2','I2'}
2.94443680901499;0.76886352226579;-4.72752043336152;28.765349580614;-0.146106044921649;0.171759157799757;1;2;[0.5 1.5] ;RDK3;center;23;grün;attended;nonprimed;{'P5','PO3','PO7','O1','I1','POz','Oz','Iz','P6','PO4','PO8','O2','I2'}
5.53370837911346;3.5991674026794;-15.2623377845645;-2.62232256967075;-0.996691722136278;-0.096923423942024;1;3;[0.5 1.5] ;RDK1;center;17;orange;attended;nonprimed;{'P5','PO3','PO7','O1','I1','POz','Oz','Iz','P6','PO4','PO8','O2','I2'}
4.12533009687119;2.08440579958921;-5.07227310130813;25.6984149490057;-0.220428757413604;0.426146385232372;1;3;[0.5 1.5] ;RDK2;center;20;blau;not attended;not attended;{'P5','PO3','PO7','O1','I1','POz','Oz','Iz','P6','PO4','PO8','O2','I2'}
2.85018677542195;0.630859391840957;-8.796373398554;8.18978282409994;-0.274893752216588;0.0477549845914869;1;3;[0.5 1.5] ;RDK3;center;23;grün;attended;primed;{'P5','PO3','PO7','O1','I1','POz','Oz','Iz','P6','PO4','PO8','O2','I2'}
5.68884794951896;3.65754625254129;-13.0113092190963;3.13785185762359;-0.850907849136894;0.111276685486179;1;1;[1 2] ;RDK1;center;17;orange;attended;primed;{'P5','PO3','PO7','O1','I1','POz','Oz','Iz','P6','PO4','PO8','O2','I2'}
4.14534615200652;1.92469962602536;-7.05166466948393;10.5333645068753;-0.314492894347603;0.183415775115673;1;1;[1 2] ;RDK2;center;20;blau;attended;nonprimed;{'P5','PO3','PO7','O1','I1','POz','Oz','Iz','P6','PO4','PO8','O2','I2'}
3.07921499331322;0.819763095068508;-4.96688197688198;9.22560488385658;-0.160934396044037;0.069240270369857;1;1;[1 2] ;RDK3;center;23;grün;not attended;not attended;{'P5','PO3','PO7','O1','I1','POz','Oz','Iz','P6','PO4','PO8','O2','I2'}
5.43959724973645;3.38933866193309;-13.8201413717365;-4.26969538474566;-0.872315227632692;-0.151168887431805;1;2;[1 2] ;RDK1;center;17;orange;not attended;not attended;{'P5','PO3','PO7','O1','I1','POz','Oz','Iz','P6','PO4','PO8','O2','I2'}
3.78866573198307;1.62463820192235;-13.7386395359855;-3.94437083193462;-0.603411684374838;-0.0667131701870076;1;2;[1 2] ;RDK2;center;20;blau;attended;primed;{'P5','PO3','PO7','O1','I1','POz','Oz','Iz','P6','PO4','PO8','O2','I2'}
2.95133282305926;0.83494644563579;-4.50438765798238;39.8325812577925;-0.139210030877378;0.237842081169758;1;2;[1 2] ;RDK3;center;23;grün;attended;nonprimed;{'P5','PO3','PO7','O1','I1','POz','Oz','Iz','P6','PO4','PO8','O2','I2'}
5.51195539102046;3.60333242571566;-15.5954412354363;-2.50963532166651;-1.01844471022928;-0.0927584009057671;1;3;[1 2] ;RDK1;center;17;orange;attended;nonprimed;{'P5','PO3','PO7','O1','I1','POz','Oz','Iz','P6','PO4','PO8','O2','I2'}
4.01257562919481;2.08873551590203;-7.66685948902738;25.9595150082201;-0.333183225089981;0.430476101545187;1;3;[1 2] ;RDK2;center;20;blau;not attended;not attended;{'P5','PO3','PO7','O1','I1','POz','Oz','Iz','P6','PO4','PO8','O2','I2'}
2.94711719321076;0.587004407755369;-5.69467995636773;0.668833995663864;-0.177963334427783;0.00390000050589878;1;3;[1 2] ;RDK3;center;23;grün;attended;primed;{'P5','PO3','PO7','O1','I1','POz','Oz','Iz','P6','PO4','PO8','O2','I2'}
5.89166605684179;1.88063740624479;0;0;0;0;2;1;[-1 0] ;RDK1;center;17;grün;attended;primed;{'P5','PO3','PO7','O1','I1','POz','Oz','Iz','P6','PO4','PO8','O2','I2'}
4.93191130626836;1.51723208071212;0;0;0;0;2;1;[-1 0] ;RDK2;center;23;orange;attended;nonprimed;{'P5','PO3','PO7','O1','I1','POz','Oz','Iz','P6','PO4','PO8','O2','I2'}
6.20551587279732;2.99449115286212;0;0;0;0;2;1;[-1 0] ;RDK3;center;20;blau;not attended;not attended;{'P5','PO3','PO7','O1','I1','POz','Oz','Iz','P6','PO4','PO8','O2','I2'}
5.58853737701326;1.32351084661907;0;0;0;0;2;2;[-1 0] ;RDK1;center;17;grün;not attended;not attended;{'P5','PO3','PO7','O1','I1','POz','Oz','Iz','P6','PO4','PO8','O2','I2'}
4.45327177555603;1.40368679024764;0;0;0;0;2;2;[-1 0] ;RDK2;center;23;orange;attended;primed;{'P5','PO3','PO7','O1','I1','POz','Oz','Iz','P6','PO4','PO8','O2','I2'}
5.74769977705013;2.13930202103578;0;0;0;0;2;2;[-1 0] ;RDK3;center;20;blau;attended;nonprimed;{'P5','PO3','PO7','O1','I1','POz','Oz','Iz','P6','PO4','PO8','O2','I2'}
5.67968892486843;2.04089029618269;0;0;0;0;2;3;[-1 0] ;RDK1;center;17;grün;attended;nonprimed;{'P5','PO3','PO7','O1','I1','POz','Oz','Iz','P6','PO4','PO8','O2','I2'}
4.47395843867014;1.51314260762119;0;0;0;0;2;3;[-1 0] ;RDK2;center;23;orange;not attended;not attended;{'P5','PO3','PO7','O1','I1','POz','Oz','Iz','P6','PO4','PO8','O2','I2'}
5.6635558788593;2.65027018975929;0;0;0;0;2;3;[-1 0] ;RDK3;center;20;blau;attended;primed;{'P5','PO3','PO7','O1','I1','POz','Oz','Iz','P6','PO4','PO8','O2','I2'}
5.39917511347483;1.92797614517208;-8.35911164372676;2.51716459377582;-0.492490943366959;0.0473387389272979;2;1;[0.5 1.5] ;RDK1;center;17;grün;attended;primed;{'P5','PO3','PO7','O1','I1','POz','Oz','Iz','P6','PO4','PO8','O2','I2'}
5.22720511566252;1.03624426332143;5.98741118922488;-31.7016640700703;0.295293809394159;-0.480987817390695;2;1;[0.5 1.5] ;RDK2;center;23;orange;attended;nonprimed;{'P5','PO3','PO7','O1','I1','POz','Oz','Iz','P6','PO4','PO8','O2','I2'}
5.72823517139141;2.32078150302701;-7.69123327035751;-22.4983015625604;-0.477280701405904;-0.673709649835113;2;1;[0.5 1.5] ;RDK3;center;20;blau;not attended;not attended;{'P5','PO3','PO7','O1','I1','POz','Oz','Iz','P6','PO4','PO8','O2','I2'}
4.75622970818062;1.568394210917;-14.8931216288555;18.5025581712075;-0.832307668832633;0.244883364297934;2;2;[0.5 1.5] ;RDK1;center;17;grün;not attended;not attended;{'P5','PO3','PO7','O1','I1','POz','Oz','Iz','P6','PO4','PO8','O2','I2'}
5.21119428104197;1.80181236309413;17.0194531949784;28.3628495767384;0.757922505485941;0.398125572846486;2;2;[0.5 1.5] ;RDK2;center;23;orange;attended;primed;{'P5','PO3','PO7','O1','I1','POz','Oz','Iz','P6','PO4','PO8','O2','I2'}
5.416691150891;2.43115773109289;-5.75897557281616;13.6425669301151;-0.331008626159126;0.291855710057112;2;2;[0.5 1.5] ;RDK3;center;20;blau;attended;nonprimed;{'P5','PO3','PO7','O1','I1','POz','Oz','Iz','P6','PO4','PO8','O2','I2'}
4.98585456927147;1.19087067740203;-12.2160626184828;-41.6494517304798;-0.69383435559696;-0.850019618780655;2;3;[0.5 1.5] ;RDK1;center;17;grün;attended;nonprimed;{'P5','PO3','PO7','O1','I1','POz','Oz','Iz','P6','PO4','PO8','O2','I2'}
4.78670841984495;1.06765601814851;6.99045343093911;-29.441150307242;0.312749981174807;-0.445486589472675;2;3;[0.5 1.5] ;RDK2;center;23;orange;not attended;not attended;{'P5','PO3','PO7','O1','I1','POz','Oz','Iz','P6','PO4','PO8','O2','I2'}
6.13059036548321;3.18171082340049;8.24631197455363;20.0523190312705;0.467034486623911;0.531440633641192;2;3;[0.5 1.5] ;RDK3;center;20;blau;attended;primed;{'P5','PO3','PO7','O1','I1','POz','Oz','Iz','P6','PO4','PO8','O2','I2'}
5.16792859974697;1.39687094370113;-12.2840882377297;-25.7235371867687;-0.723737457094813;-0.48376646254366;2;1;[1 2] ;RDK1;center;17;grün;attended;primed;{'P5','PO3','PO7','O1','I1','POz','Oz','Iz','P6','PO4','PO8','O2','I2'}
5.42173980961185;1.3889915772091;9.93181898305668;-8.45226680435273;0.489828503343481;-0.128240503503021;2;1;[1 2] ;RDK2;center;23;orange;attended;nonprimed;{'P5','PO3','PO7','O1','I1','POz','Oz','Iz','P6','PO4','PO8','O2','I2'}
5.96909534578493;2.4324621861503;-3.80984485188042;-18.768763640348;-0.236420527012391;-0.562028966711823;2;1;[1 2] ;RDK3;center;20;blau;not attended;not attended;{'P5','PO3','PO7','O1','I1','POz','Oz','Iz','P6','PO4','PO8','O2','I2'}
4.87726271646263;1.51068034150897;-12.727384869541;14.1418935377843;-0.711274660550631;0.187169494889897;2;2;[1 2] ;RDK1;center;17;grün;not attended;not attended;{'P5','PO3','PO7','O1','I1','POz','Oz','Iz','P6','PO4','PO8','O2','I2'}
4.9088324611709;1.40734956074043;10.2297975191056;0.260939300578911;0.455560685614863;0.00366277049279073;2;2;[1 2] ;RDK2;center;23;orange;attended;primed;{'P5','PO3','PO7','O1','I1','POz','Oz','Iz','P6','PO4','PO8','O2','I2'}
5.69288085339337;2.29038563987912;-0.953754123965234;7.06228561267819;-0.0548189236567564;0.151083618843344;2;2;[1 2] ;RDK3;center;20;blau;attended;nonprimed;{'P5','PO3','PO7','O1','I1','POz','Oz','Iz','P6','PO4','PO8','O2','I2'}
5.01929074913792;1.34585430089539;-11.6273652389476;-34.0555294220031;-0.660398175730507;-0.695035995287302;2;3;[1 2] ;RDK1;center;17;grün;attended;nonprimed;{'P5','PO3','PO7','O1','I1','POz','Oz','Iz','P6','PO4','PO8','O2','I2'}
4.90136700833338;1.2936650089611;9.55325302016614;-14.5047530586117;0.427408569663234;-0.219477598660091;2;3;[1 2] ;RDK2;center;23;orange;not attended;not attended;{'P5','PO3','PO7','O1','I1','POz','Oz','Iz','P6','PO4','PO8','O2','I2'}
6.03033048302464;3.02303512456149;6.4760481226013;14.0651672513455;0.366774604165343;0.372764934802197;2;3;[1 2] ;RDK3;center;20;blau;attended;primed;{'P5','PO3','PO7','O1','I1','POz','Oz','Iz','P6','PO4','PO8','O2','I2'}
6.46557053729627;4.66235510475889;0;0;0;0;3;1;[-1 0] ;RDK1;center;23;orange;attended;primed;{'P5','PO3','PO7','O1','I1','POz','Oz','Iz','P6','PO4','PO8','O2','I2'}
12.442680009018;9.58208825320182;0;0;0;0;3;1;[-1 0] ;RDK2;center;17;blau;attended;nonprimed;{'P5','PO3','PO7','O1','I1','POz','Oz','Iz','P6','PO4','PO8','O2','I2'}
5.8557888967751;2.81323513829496;0;0;0;0;3;1;[-1 0] ;RDK3;center;20;grün;not attended;not attended;{'P5','PO3','PO7','O1','I1','POz','Oz','Iz','P6','PO4','PO8','O2','I2'}
6.80617203797109;4.87707942618421;0;0;0;0;3;2;[-1 0] ;RDK1;center;23;orange;not attended;not attended;{'P5','PO3','PO7','O1','I1','POz','Oz','Iz','P6','PO4','PO8','O2','I2'}
11.861428232588;8.8167356118648;0;0;0;0;3;2;[-1 0] ;RDK2;center;17;blau;attended;primed;{'P5','PO3','PO7','O1','I1','POz','Oz','Iz','P6','PO4','PO8','O2','I2'}
5.70495752611104;2.50297162783216;0;0;0;0;3;2;[-1 0] ;RDK3;center;20;grün;attended;nonprimed;{'P5','PO3','PO7','O1','I1','POz','Oz','Iz','P6','PO4','PO8','O2','I2'}
6.53750571837792;4.59633655846119;0;0;0;0;3;3;[-1 0] ;RDK1;center;23;orange;attended;nonprimed;{'P5','PO3','PO7','O1','I1','POz','Oz','Iz','P6','PO4','PO8','O2','I2'}
12.2326706118838;9.4369703323178;0;0;0;0;3;3;[-1 0] ;RDK2;center;17;blau;not attended;not attended;{'P5','PO3','PO7','O1','I1','POz','Oz','Iz','P6','PO4','PO8','O2','I2'}
5.71898373626393;2.49533274082037;0;0;0;0;3;3;[-1 0] ;RDK3;center;20;grün;attended;primed;{'P5','PO3','PO7','O1','I1','POz','Oz','Iz','P6','PO4','PO8','O2','I2'}
6.73947288863052;5.12719989105089;4.23632144687403;9.97017120848489;0.27390235133425;0.464844786291997;3;1;[0.5 1.5] ;RDK1;center;23;orange;attended;primed;{'P5','PO3','PO7','O1','I1','POz','Oz','Iz','P6','PO4','PO8','O2','I2'}
10.2830629687337;8.20684984873032;-17.3565263971996;-14.3521784409778;-2.15961704028429;-1.37523840447149;3;1;[0.5 1.5] ;RDK2;center;17;blau;attended;nonprimed;{'P5','PO3','PO7','O1','I1','POz','Oz','Iz','P6','PO4','PO8','O2','I2'}
5.05170464092458;2.36386211128277;-13.7314419973942;-15.9735324251832;-0.804084255850526;-0.449373027012193;3;1;[0.5 1.5] ;RDK3;center;20;grün;not attended;not attended;{'P5','PO3','PO7','O1','I1','POz','Oz','Iz','P6','PO4','PO8','O2','I2'}
6.09803255916347;4.33908329595476;-10.4043723087951;-11.0311127463097;-0.708139478807619;-0.537996130229453;3;2;[0.5 1.5] ;RDK1;center;23;orange;not attended;not attended;{'P5','PO3','PO7','O1','I1','POz','Oz','Iz','P6','PO4','PO8','O2','I2'}
10.5723693949231;8.30205093262464;-10.8676528019059;-5.83758776374722;-1.2890588376649;-0.514684679240164;3;2;[0.5 1.5] ;RDK2;center;17;blau;attended;primed;{'P5','PO3','PO7','O1','I1','POz','Oz','Iz','P6','PO4','PO8','O2','I2'}
5.47156630465265;2.97032738252152;-4.09102469896019;18.6720356512443;-0.23339122145839;0.467355754689352;3;2;[0.5 1.5] ;RDK3;center;20;grün;attended;nonprimed;{'P5','PO3','PO7','O1','I1','POz','Oz','Iz','P6','PO4','PO8','O2','I2'}
7.07040184771521;5.32278772985794;8.15136769730445;15.8050038798717;0.532896129337288;0.726451171396752;3;3;[0.5 1.5] ;RDK1;center;23;orange;attended;nonprimed;{'P5','PO3','PO7','O1','I1','POz','Oz','Iz','P6','PO4','PO8','O2','I2'}
9.27241725188035;7.05203146722234;-24.1995673220171;-25.2722937670792;-2.96025336000341;-2.38493886509547;3;3;[0.5 1.5] ;RDK2;center;17;blau;not attended;not attended;{'P5','PO3','PO7','O1','I1','POz','Oz','Iz','P6','PO4','PO8','O2','I2'}
5.60264174331575;3.11764312072618;-2.03431235886299;24.9389738581004;-0.116341992948182;0.622310379905814;3;3;[0.5 1.5] ;RDK3;center;20;grün;attended;primed;{'P5','PO3','PO7','O1','I1','POz','Oz','Iz','P6','PO4','PO8','O2','I2'}
6.47754239753859;4.68590324059041;0.185163245428277;0.505069547522785;0.0119718602423129;0.0235481358315113;3;1;[1 2] ;RDK1;center;23;orange;attended;primed;{'P5','PO3','PO7','O1','I1','POz','Oz','Iz','P6','PO4','PO8','O2','I2'}
11.4274099931209;9.07170258965013;-8.15957667609629;-5.32645546633478;-1.01527001589713;-0.510385663551691;3;1;[1 2] ;RDK2;center;17;blau;attended;nonprimed;{'P5','PO3','PO7','O1','I1','POz','Oz','Iz','P6','PO4','PO8','O2','I2'}
5.1734370310631;2.37034063896484;-11.6526035644452;-15.7432449673778;-0.682351865712002;-0.442894499330126;3;1;[1 2] ;RDK3;center;20;grün;not attended;not attended;{'P5','PO3','PO7','O1','I1','POz','Oz','Iz','P6','PO4','PO8','O2','I2'}
6.45069802583322;4.58037521535828;-5.22281849701578;-6.08364524951083;-0.35547401213787;-0.296704210825926;3;2;[1 2] ;RDK1;center;23;orange;not attended;not attended;{'P5','PO3','PO7','O1','I1','POz','Oz','Iz','P6','PO4','PO8','O2','I2'}
10.4565752949235;7.80971737937814;-11.8438767247676;-11.421667574238;-1.40485293766451;-1.00701823248666;3;2;[1 2] ;RDK2;center;17;blau;attended;primed;{'P5','PO3','PO7','O1','I1','POz','Oz','Iz','P6','PO4','PO8','O2','I2'}
6.02137749576004;3.55066619399031;5.54640360074166;41.8580280538602;0.316419969649004;1.04769456615815;3;2;[1 2] ;RDK3;center;20;grün;attended;nonprimed;{'P5','PO3','PO7','O1','I1','POz','Oz','Iz','P6','PO4','PO8','O2','I2'}
7.47470556913748;5.71359633482419;14.335740435759;24.3076146002906;0.937199850759563;1.11725977636301;3;3;[1 2] ;RDK1;center;23;orange;attended;nonprimed;{'P5','PO3','PO7','O1','I1','POz','Oz','Iz','P6','PO4','PO8','O2','I2'}
10.0953925883276;7.45001738769768;-17.4718840338906;-21.0549877201119;-2.13727802355614;-1.98695294462012;3;3;[1 2] ;RDK2;center;17;blau;not attended;not attended;{'P5','PO3','PO7','O1','I1','POz','Oz','Iz','P6','PO4','PO8','O2','I2'}
5.37842471500826;2.48283027297646;-5.95488703869181;-0.501034096150133;-0.340559021255673;-0.0125024678439076;3;3;[1 2] ;RDK3;center;20;grün;attended;primed;{'P5','PO3','PO7','O1','I1','POz','Oz','Iz','P6','PO4','PO8','O2','I2'}
6.16041863599473;3.42559552157419;0;0;0;0;4;1;[-1 0] ;RDK1;center;17;grün;attended;primed;{'P5','PO3','PO7','O1','I1','POz','Oz','Iz','P6','PO4','PO8','O2','I2'}
7.20181942691464;5.28690304928983;0;0;0;0;4;1;[-1 0] ;RDK2;center;20;orange;attended;nonprimed;{'P5','PO3','PO7','O1','I1','POz','Oz','Iz','P6','PO4','PO8','O2','I2'}
4.22871855306908;1.98899892625019;0;0;0;0;4;1;[-1 0] ;RDK3;center;23;blau;not attended;not attended;{'P5','PO3','PO7','O1','I1','POz','Oz','Iz','P6','PO4','PO8','O2','I2'}
5.94692822179851;3.60304548260728;0;0;0;0;4;2;[-1 0] ;RDK1;center;17;grün;not attended;not attended;{'P5','PO3','PO7','O1','I1','POz','Oz','Iz','P6','PO4','PO8','O2','I2'}
7.20216550488444;5.05117534145096;0;0;0;0;4;2;[-1 0] ;RDK2;center;20;orange;attended;primed;{'P5','PO3','PO7','O1','I1','POz','Oz','Iz','P6','PO4','PO8','O2','I2'}
4.29359421222168;1.99053963031289;0;0;0;0;4;2;[-1 0] ;RDK3;center;23;blau;attended;nonprimed;{'P5','PO3','PO7','O1','I1','POz','Oz','Iz','P6','PO4','PO8','O2','I2'}
5.99252874047093;3.45004809431776;0;0;0;0;4;3;[-1 0] ;RDK1;center;17;grün;attended;nonprimed;{'P5','PO3','PO7','O1','I1','POz','Oz','Iz','P6','PO4','PO8','O2','I2'}
7.1349559450996;5.1231553984817;0;0;0;0;4;3;[-1 0] ;RDK2;center;20;orange;not attended;not attended;{'P5','PO3','PO7','O1','I1','POz','Oz','Iz','P6','PO4','PO8','O2','I2'}
4.20115751627634;2.04862404821892;0;0;0;0;4;3;[-1 0] ;RDK3;center;23;blau;attended;primed;{'P5','PO3','PO7','O1','I1','POz','Oz','Iz','P6','PO4','PO8','O2','I2'}
5.83134973825082;3.56534726591505;-5.34166453917897;4.07963355453715;-0.329068897743903;0.139751744340863;4;1;[0.5 1.5] ;RDK1;center;17;grün;attended;primed;{'P5','PO3','PO7','O1','I1','POz','Oz','Iz','P6','PO4','PO8','O2','I2'}
7.10409619822305;5.18486822497915;-1.35692417288867;-1.92995451891975;-0.0977232286915974;-0.102034824310675;4;1;[0.5 1.5] ;RDK2;center;20;orange;attended;nonprimed;{'P5','PO3','PO7','O1','I1','POz','Oz','Iz','P6','PO4','PO8','O2','I2'}
4.18992586389801;1.78521719028258;-0.917362758581053;-10.2454422311724;-0.0387926891710633;-0.203781735967602;4;1;[0.5 1.5] ;RDK3;center;23;blau;not attended;not attended;{'P5','PO3','PO7','O1','I1','POz','Oz','Iz','P6','PO4','PO8','O2','I2'}
5.12187009591323;2.7539294873469;-13.8736856258164;-23.5666188328529;-0.82505812588528;-0.849115995260386;4;2;[0.5 1.5] ;RDK1;center;17;grün;not attended;not attended;{'P5','PO3','PO7','O1','I1','POz','Oz','Iz','P6','PO4','PO8','O2','I2'}
6.44788823184177;4.51957506576233;-10.4729233524434;-10.52428870022;-0.754277273042667;-0.531600275688622;4;2;[0.5 1.5] ;RDK2;center;20;orange;attended;primed;{'P5','PO3','PO7','O1','I1','POz','Oz','Iz','P6','PO4','PO8','O2','I2'}
4.4292756354315;2.44782291502642;3.16008957771585;22.9728299678038;0.135681423209828;0.457283284713531;4;2;[0.5 1.5] ;RDK3;center;23;blau;attended;nonprimed;{'P5','PO3','PO7','O1','I1','POz','Oz','Iz','P6','PO4','PO8','O2','I2'}
6.11376502386917;4.27001975168138;2.02312393730315;23.7669630957933;0.121236283398239;0.819971657363621;4;3;[0.5 1.5] ;RDK1;center;17;grün;attended;nonprimed;{'P5','PO3','PO7','O1','I1','POz','Oz','Iz','P6','PO4','PO8','O2','I2'}
6.28133331248041;4.24470898032894;-11.9639509926543;-17.1465893541526;-0.853622632619192;-0.878446418152758;4;3;[0.5 1.5] ;RDK2;center;20;orange;not attended;not attended;{'P5','PO3','PO7','O1','I1','POz','Oz','Iz','P6','PO4','PO8','O2','I2'}
4.18416246295681;1.7742970624619;-0.404532637819288;-13.3907920291928;-0.016995053319536;-0.274326985757027;4;3;[0.5 1.5] ;RDK3;center;23;blau;attended;primed;{'P5','PO3','PO7','O1','I1','POz','Oz','Iz','P6','PO4','PO8','O2','I2'}
5.69015278900869;3.59552346566725;-7.63366704071571;4.96053731454473;-0.470265846986037;0.169927944093061;4;1;[1 2] ;RDK1;center;17;grün;attended;primed;{'P5','PO3','PO7','O1','I1','POz','Oz','Iz','P6','PO4','PO8','O2','I2'}
7.00531447991817;5.13321825756124;-2.72854587636696;-2.90689634925752;-0.196504946996474;-0.15368479172859;4;1;[1 2] ;RDK2;center;20;orange;attended;nonprimed;{'P5','PO3','PO7','O1','I1','POz','Oz','Iz','P6','PO4','PO8','O2','I2'}
4.11046423291314;1.71857577721043;-2.79645757152873;-13.5959424346991;-0.11825432015594;-0.270423149039759;4;1;[1 2] ;RDK3;center;23;blau;not attended;not attended;{'P5','PO3','PO7','O1','I1','POz','Oz','Iz','P6','PO4','PO8','O2','I2'}
5.14393704036284;2.83705828845854;-13.5026210421088;-21.2594372690087;-0.80299118143567;-0.765987194148746;4;2;[1 2] ;RDK1;center;17;grün;not attended;not attended;{'P5','PO3','PO7','O1','I1','POz','Oz','Iz','P6','PO4','PO8','O2','I2'}
6.63740364052135;4.75714926871322;-7.84155632052711;-5.82094369848728;-0.564761864363089;-0.294026072737733;4;2;[1 2] ;RDK2;center;20;orange;attended;primed;{'P5','PO3','PO7','O1','I1','POz','Oz','Iz','P6','PO4','PO8','O2','I2'}
4.30080832814324;2.18740865658726;0.168020440800554;9.89023394844064;0.00721411592156151;0.19686902627437;4;2;[1 2] ;RDK3;center;23;blau;attended;nonprimed;{'P5','PO3','PO7','O1','I1','POz','Oz','Iz','P6','PO4','PO8','O2','I2'}
5.98398902712489;4.04367098035897;-0.142506005659482;17.2062206036754;-0.00853971334604164;0.593622886041213;4;3;[1 2] ;RDK1;center;17;grün;attended;nonprimed;{'P5','PO3','PO7','O1','I1','POz','Oz','Iz','P6','PO4','PO8','O2','I2'}
6.23768588071744;4.19830912087091;-12.5756917251664;-18.0522784431813;-0.897270064382158;-0.92484627761079;4;3;[1 2] ;RDK2;center;20;orange;not attended;not attended;{'P5','PO3','PO7','O1','I1','POz','Oz','Iz','P6','PO4','PO8','O2','I2'}
4.16215622636693;1.8898269858586;-0.928346289285931;-7.75140087310708;-0.0390012899094083;-0.158797062360323;4;3;[1 2] ;RDK3;center;23;blau;attended;primed;{'P5','PO3','PO7','O1','I1','POz','Oz','Iz','P6','PO4','PO8','O2','I2'}
3.14258105797175;0.398428584807194;0;0;0;0;5;1;[-1 0] ;RDK1;center;20;blau;attended;primed;{'P5','PO3','PO7','O1','I1','POz','Oz','Iz','P6','PO4','PO8','O2','I2'}
3.33561152113965;0.396101603582061;0;0;0;0;5;1;[-1 0] ;RDK2;center;17;grün;attended;nonprimed;{'P5','PO3','PO7','O1','I1','POz','Oz','Iz','P6','PO4','PO8','O2','I2'}
3.05237902127779;0.389409328662079;0;0;0;0;5;1;[-1 0] ;RDK3;center;23;orange;not attended;not attended;{'P5','PO3','PO7','O1','I1','POz','Oz','Iz','P6','PO4','PO8','O2','I2'}
3.42488234282951;0.428764416489023;0;0;0;0;5;2;[-1 0] ;RDK1;center;20;blau;not attended;not attended;{'P5','PO3','PO7','O1','I1','POz','Oz','Iz','P6','PO4','PO8','O2','I2'}
3.15111365685096;0.668941517288868;0;0;0;0;5;2;[-1 0] ;RDK2;center;17;grün;attended;primed;{'P5','PO3','PO7','O1','I1','POz','Oz','Iz','P6','PO4','PO8','O2','I2'}
3.06851488175477;0.478154537967853;0;0;0;0;5;2;[-1 0] ;RDK3;center;23;orange;attended;nonprimed;{'P5','PO3','PO7','O1','I1','POz','Oz','Iz','P6','PO4','PO8','O2','I2'}
3.19537616340366;0.352873467967002;0;0;0;0;5;3;[-1 0] ;RDK1;center;20;blau;attended;nonprimed;{'P5','PO3','PO7','O1','I1','POz','Oz','Iz','P6','PO4','PO8','O2','I2'}
3.27147298028483;0.526649701348423;0;0;0;0;5;3;[-1 0] ;RDK2;center;17;grün;not attended;not attended;{'P5','PO3','PO7','O1','I1','POz','Oz','Iz','P6','PO4','PO8','O2','I2'}
2.98962136133183;0.337093510328842;0;0;0;0;5;3;[-1 0] ;RDK3;center;23;orange;attended;primed;{'P5','PO3','PO7','O1','I1','POz','Oz','Iz','P6','PO4','PO8','O2','I2'}
3.46913981437683;0.453257621326566;10.3914187217765;13.7613210020825;0.32655875640508;0.0548290365193723;5;1;[0.5 1.5] ;RDK1;center;20;blau;attended;primed;{'P5','PO3','PO7','O1','I1','POz','Oz','Iz','P6','PO4','PO8','O2','I2'}
3.24741001242011;0.538235897760419;-2.64423804032807;35.8832917849859;-0.0882015087195405;0.142134294178359;5;1;[0.5 1.5] ;RDK2;center;17;grün;attended;nonprimed;{'P5','PO3','PO7','O1','I1','POz','Oz','Iz','P6','PO4','PO8','O2','I2'}
3.2367411922421;0.365319448462605;6.03995013984617;-6.18626171135703;0.184362170964303;-0.0240898801994747;5;1;[0.5 1.5] ;RDK3;center;23;orange;not attended;not attended;{'P5','PO3','PO7','O1','I1','POz','Oz','Iz','P6','PO4','PO8','O2','I2'}
3.48685414551278;0.277177587394002;1.80945785810771;-35.3543398811645;0.0619718026832716;-0.151586829095021;5;2;[0.5 1.5] ;RDK1;center;20;blau;not attended;not attended;{'P5','PO3','PO7','O1','I1','POz','Oz','Iz','P6','PO4','PO8','O2','I2'}
3.08828191926493;0.334870786136071;-1.99395339007915;-49.9401999305921;-0.062831737586027;-0.334070731152797;5;2;[0.5 1.5] ;RDK2;center;17;grün;attended;primed;{'P5','PO3','PO7','O1','I1','POz','Oz','Iz','P6','PO4','PO8','O2','I2'}
3.27190111939018;0.340849352501796;6.62816526798482;-28.715650394034;0.203386237635415;-0.137305185466057;5;2;[0.5 1.5] ;RDK3;center;23;orange;attended;nonprimed;{'P5','PO3','PO7','O1','I1','POz','Oz','Iz','P6','PO4','PO8','O2','I2'}
3.32180457707693;0.433851656498465;3.95660501950406;22.9482224883608;0.126428413673265;0.0809781885314623;5;3;[0.5 1.5] ;RDK1;center;20;blau;attended;nonprimed;{'P5','PO3','PO7','O1','I1','POz','Oz','Iz','P6','PO4','PO8','O2','I2'}
3.11632960364663;0.319411767613606;-4.74230958266055;-39.3502423345556;-0.155143376638198;-0.207237933734818;5;3;[0.5 1.5] ;RDK2;center;17;grün;not attended;not attended;{'P5','PO3','PO7','O1','I1','POz','Oz','Iz','P6','PO4','PO8','O2','I2'}
3.43026106879556;0.506411537792556;14.7389804328744;50.228800696442;0.440639707463733;0.169318027463714;5;3;[0.5 1.5] ;RDK3;center;23;orange;attended;primed;{'P5','PO3','PO7','O1','I1','POz','Oz','Iz','P6','PO4','PO8','O2','I2'}
3.37999491578729;0.433239038350314;7.55474094179014;8.73693677374208;0.237413857815534;0.0348104535431199;5;1;[1 2] ;RDK1;center;20;blau;attended;primed;{'P5','PO3','PO7','O1','I1','POz','Oz','Iz','P6','PO4','PO8','O2','I2'}
3.15257109128512;0.437039607044684;-5.48746245462051;10.3352279042572;-0.183040429854534;0.0409380034626236;5;1;[1 2] ;RDK2;center;17;grün;attended;nonprimed;{'P5','PO3','PO7','O1','I1','POz','Oz','Iz','P6','PO4','PO8','O2','I2'}
3.3518843213482;0.519715116133351;9.81219232548085;33.4624206150819;0.299505300070407;0.130305787471272;5;1;[1 2] ;RDK3;center;23;orange;not attended;not attended;{'P5','PO3','PO7','O1','I1','POz','Oz','Iz','P6','PO4','PO8','O2','I2'}
3.28490334290725;0.316273977638349;-4.08711850248894;-26.2359548797944;-0.139978999922262;-0.112490438850674;5;2;[1 2] ;RDK1;center;20;blau;not attended;not attended;{'P5','PO3','PO7','O1','I1','POz','Oz','Iz','P6','PO4','PO8','O2','I2'}
3.13601629973869;0.386268012225628;-0.479111792094566;-42.2568337825523;-0.0150973571122752;-0.28267350506324;5;2;[1 2] ;RDK2;center;17;grün;attended;primed;{'P5','PO3','PO7','O1','I1','POz','Oz','Iz','P6','PO4','PO8','O2','I2'}
3.37482406754466;0.467057094066101;9.98232687777354;-2.32089063693002;0.306309185789887;-0.0110974439017519;5;2;[1 2] ;RDK3;center;23;orange;attended;nonprimed;{'P5','PO3','PO7','O1','I1','POz','Oz','Iz','P6','PO4','PO8','O2','I2'}
3.33226519082425;0.494299139629102;4.28397222800754;40.0782956216261;0.136889027420585;0.141425671662099;5;3;[1 2] ;RDK1;center;20;blau;attended;nonprimed;{'P5','PO3','PO7','O1','I1','POz','Oz','Iz','P6','PO4','PO8','O2','I2'}
3.14654386537315;0.408699581035848;-3.81874206709195;-22.3963139085768;-0.124929114911684;-0.117950120312575;5;3;[1 2] ;RDK2;center;17;grün;not attended;not attended;{'P5','PO3','PO7','O1','I1','POz','Oz','Iz','P6','PO4','PO8','O2','I2'}
3.33444222261214;0.370551825230996;11.5339308763403;9.92552923060293;0.344820861280317;0.0334583149021547;5;3;[1 2] ;RDK3;center;23;orange;attended;primed;{'P5','PO3','PO7','O1','I1','POz','Oz','Iz','P6','PO4','PO8','O2','I2'}
5.9907107621255;1.07743897734309;0;0;0;0;6;1;[-1 0] ;RDK1;center;23;grün;attended;primed;{'P5','PO3','PO7','O1','I1','POz','Oz','Iz','P6','PO4','PO8','O2','I2'}
7.89680066757654;4.76306087660366;0;0;0;0;6;1;[-1 0] ;RDK2;center;17;orange;attended;nonprimed;{'P5','PO3','PO7','O1','I1','POz','Oz','Iz','P6','PO4','PO8','O2','I2'}
7.15721431427453;3.4383039054786;0;0;0;0;6;1;[-1 0] ;RDK3;center;20;blau;not attended;not attended;{'P5','PO3','PO7','O1','I1','POz','Oz','Iz','P6','PO4','PO8','O2','I2'}
5.9472257907574;1.36876850385638;0;0;0;0;6;2;[-1 0] ;RDK1;center;23;grün;not attended;not attended;{'P5','PO3','PO7','O1','I1','POz','Oz','Iz','P6','PO4','PO8','O2','I2'}
7.70437384216038;4.76440509289679;0;0;0;0;6;2;[-1 0] ;RDK2;center;17;orange;attended;primed;{'P5','PO3','PO7','O1','I1','POz','Oz','Iz','P6','PO4','PO8','O2','I2'}
7.26739470916387;3.24937765123929;0;0;0;0;6;2;[-1 0] ;RDK3;center;20;blau;attended;nonprimed;{'P5','PO3','PO7','O1','I1','POz','Oz','Iz','P6','PO4','PO8','O2','I2'}
5.55802294629565;1.27170319617147;0;0;0;0;6;3;[-1 0] ;RDK1;center;23;grün;attended;nonprimed;{'P5','PO3','PO7','O1','I1','POz','Oz','Iz','P6','PO4','PO8','O2','I2'}
7.98166482406255;4.83563606908336;0;0;0;0;6;3;[-1 0] ;RDK2;center;17;orange;not attended;not attended;{'P5','PO3','PO7','O1','I1','POz','Oz','Iz','P6','PO4','PO8','O2','I2'}
7.3559989252034;3.47696098843975;0;0;0;0;6;3;[-1 0] ;RDK3;center;20;blau;attended;primed;{'P5','PO3','PO7','O1','I1','POz','Oz','Iz','P6','PO4','PO8','O2','I2'}
5.88892052159507;1.98581000333707;-1.69913461978451;84.3083501799773;-0.101790240530431;0.908371025993979;6;1;[0.5 1.5] ;RDK1;center;23;grün;attended;primed;{'P5','PO3','PO7','O1','I1','POz','Oz','Iz','P6','PO4','PO8','O2','I2'}
7.25957220122659;4.6318869096993;-8.06945107486811;-2.75398468133581;-0.637228466349947;-0.131173966904364;6;1;[0.5 1.5] ;RDK2;center;17;orange;attended;nonprimed;{'P5','PO3','PO7','O1','I1','POz','Oz','Iz','P6','PO4','PO8','O2','I2'}
6.3191891210319;2.48173855253931;-11.7088179345315;-27.820849443096;-0.838025193242632;-0.95656535293929;6;1;[0.5 1.5] ;RDK3;center;20;blau;not attended;not attended;{'P5','PO3','PO7','O1','I1','POz','Oz','Iz','P6','PO4','PO8','O2','I2'}
5.79236904968171;1.30967308023184;-2.60384835760479;-4.31741550583907;-0.154856741075685;-0.0590954236245367;6;2;[0.5 1.5] ;RDK1;center;23;grün;not attended;not attended;{'P5','PO3','PO7','O1','I1','POz','Oz','Iz','P6','PO4','PO8','O2','I2'}
7.60915101632564;4.97567335247288;-1.23595801275442;4.43430513268204;-0.0952228258347372;0.211268259576086;6;2;[0.5 1.5] ;RDK2;center;17;orange;attended;primed;{'P5','PO3','PO7','O1','I1','POz','Oz','Iz','P6','PO4','PO8','O2','I2'}
6.45712491323257;2.60073340141914;-11.1493847294353;-19.9621071922113;-0.810269795931303;-0.648644249820145;6;2;[0.5 1.5] ;RDK3;center;20;blau;attended;nonprimed;{'P5','PO3','PO7','O1','I1','POz','Oz','Iz','P6','PO4','PO8','O2','I2'}
5.69831826983119;1.30669254029291;2.52419475218324;2.75137659689568;0.140295323535535;0.0349893441214364;6;3;[0.5 1.5] ;RDK1;center;23;grün;attended;nonprimed;{'P5','PO3','PO7','O1','I1','POz','Oz','Iz','P6','PO4','PO8','O2','I2'}
7.12056757289277;4.1741566083135;-10.7884416365594;-13.6792647610317;-0.861097251169781;-0.661479460769857;6;3;[0.5 1.5] ;RDK2;center;17;orange;not attended;not attended;{'P5','PO3','PO7','O1','I1','POz','Oz','Iz','P6','PO4','PO8','O2','I2'}
7.01291677232325;3.53881187551826;-4.66397774617223;1.77887779828845;-0.343082152880156;0.0618508870785051;6;3;[0.5 1.5] ;RDK3;center;20;blau;attended;primed;{'P5','PO3','PO7','O1','I1','POz','Oz','Iz','P6','PO4','PO8','O2','I2'}
5.61262893535682;1.38745995474285;-6.3111347180871;28.7738780496186;-0.378081826768683;0.310020977399758;6;1;[1 2] ;RDK1;center;23;grün;attended;primed;{'P5','PO3','PO7','O1','I1','POz','Oz','Iz','P6','PO4','PO8','O2','I2'}
7.58228291280171;4.51253258264982;-3.98285037212861;-5.25981717312181;-0.314517754774827;-0.250528293953845;6;1;[1 2] ;RDK2;center;17;orange;attended;nonprimed;{'P5','PO3','PO7','O1','I1','POz','Oz','Iz','P6','PO4','PO8','O2','I2'}
6.62517952919006;2.67726909937943;-7.43354553493483;-22.1340180222734;-0.532034785084471;-0.761034806099164;6;1;[1 2] ;RDK3;center;20;blau;not attended;not attended;{'P5','PO3','PO7','O1','I1','POz','Oz','Iz','P6','PO4','PO8','O2','I2'}
5.73572381431534;1.22158977931597;-3.55631321028287;-10.7526381653104;-0.211501976442055;-0.147178724540409;6;2;[1 2] ;RDK1;center;23;grün;not attended;not attended;{'P5','PO3','PO7','O1','I1','POz','Oz','Iz','P6','PO4','PO8','O2','I2'}
7.5550263647497;4.89046535125146;-1.93847651308667;2.64587615655527;-0.149347477410672;0.126060258354661;6;2;[1 2] ;RDK2;center;17;orange;attended;primed;{'P5','PO3','PO7','O1','I1','POz','Oz','Iz','P6','PO4','PO8','O2','I2'}
6.57973189325728;2.85349904185921;-9.46230173846866;-12.1832132755972;-0.687662815906593;-0.395878609380073;6;2;[1 2] ;RDK3;center;20;blau;attended;nonprimed;{'P5','PO3','PO7','O1','I1','POz','Oz','Iz','P6','PO4','PO8','O2','I2'}
5.76026233413516;1.30167802445282;3.63869292720882;2.35706164548355;0.202239387839503;0.0299748282813461;6;3;[1 2] ;RDK1;center;23;grün;attended;nonprimed;{'P5','PO3','PO7','O1','I1','POz','Oz','Iz','P6','PO4','PO8','O2','I2'}
7.13334944685535;4.1492451214226;-10.6283011866116;-14.1944293957354;-0.848315377207197;-0.686390947660751;6;3;[1 2] ;RDK2;center;17;orange;not attended;not attended;{'P5','PO3','PO7','O1','I1','POz','Oz','Iz','P6','PO4','PO8','O2','I2'}
7.16863433143796;3.46348979381415;-2.54709925423566;-0.387441638557218;-0.187364593765439;-0.0134711946256063;6;3;[1 2] ;RDK3;center;20;blau;attended;primed;{'P5','PO3','PO7','O1','I1','POz','Oz','Iz','P6','PO4','PO8','O2','I2'}
5.48667090743251;3.42327073480956;0;0;0;0;7;1;[-1 0] ;RDK1;center;20;blau;attended;primed;{'P5','PO3','PO7','O1','I1','POz','Oz','Iz','P6','PO4','PO8','O2','I2'}
12.7168972873123;10.8524231699091;0;0;0;0;7;1;[-1 0] ;RDK2;center;17;orange;attended;nonprimed;{'P5','PO3','PO7','O1','I1','POz','Oz','Iz','P6','PO4','PO8','O2','I2'}
3.44729428319536;1.35133132902828;0;0;0;0;7;1;[-1 0] ;RDK3;center;23;grün;not attended;not attended;{'P5','PO3','PO7','O1','I1','POz','Oz','Iz','P6','PO4','PO8','O2','I2'}
5.82837953793227;3.38888671976575;0;0;0;0;7;2;[-1 0] ;RDK1;center;20;blau;not attended;not attended;{'P5','PO3','PO7','O1','I1','POz','Oz','Iz','P6','PO4','PO8','O2','I2'}
13.2376348111756;11.1302361841032;0;0;0;0;7;2;[-1 0] ;RDK2;center;17;orange;attended;primed;{'P5','PO3','PO7','O1','I1','POz','Oz','Iz','P6','PO4','PO8','O2','I2'}
3.43036273668504;1.35734848281336;0;0;0;0;7;2;[-1 0] ;RDK3;center;23;grün;attended;nonprimed;{'P5','PO3','PO7','O1','I1','POz','Oz','Iz','P6','PO4','PO8','O2','I2'}
5.59338758259835;3.43243133951221;0;0;0;0;7;3;[-1 0] ;RDK1;center;20;blau;attended;nonprimed;{'P5','PO3','PO7','O1','I1','POz','Oz','Iz','P6','PO4','PO8','O2','I2'}
12.904311992713;10.8874572621295;0;0;0;0;7;3;[-1 0] ;RDK2;center;17;orange;not attended;not attended;{'P5','PO3','PO7','O1','I1','POz','Oz','Iz','P6','PO4','PO8','O2','I2'}
3.44134278692437;1.1473670813018;0;0;0;0;7;3;[-1 0] ;RDK3;center;23;grün;attended;primed;{'P5','PO3','PO7','O1','I1','POz','Oz','Iz','P6','PO4','PO8','O2','I2'}
5.53816812560403;3.70774076111923;0.938587698084081;8.30988982019558;0.0514972181715203;0.284470026309674;7;1;[0.5 1.5] ;RDK1;center;20;blau;attended;primed;{'P5','PO3','PO7','O1','I1','POz','Oz','Iz','P6','PO4','PO8','O2','I2'}
11.5017845052234;10.1664144287448;-9.55510416287848;-6.32124946128591;-1.21511278208896;-0.686008741164349;7;1;[0.5 1.5] ;RDK2;center;17;orange;attended;nonprimed;{'P5','PO3','PO7','O1','I1','POz','Oz','Iz','P6','PO4','PO8','O2','I2'}
3.29048633152211;1.05429702080213;-4.54872542903126;-21.9808644886331;-0.156807951673248;-0.297034308226151;7;1;[0.5 1.5] ;RDK3;center;23;grün;not attended;not attended;{'P5','PO3','PO7','O1','I1','POz','Oz','Iz','P6','PO4','PO8','O2','I2'}
5.30025750927671;2.94010680525966;-9.06121547538951;-13.2426944780588;-0.528122028655554;-0.448779914506088;7;2;[0.5 1.5] ;RDK1;center;20;blau;not attended;not attended;{'P5','PO3','PO7','O1','I1','POz','Oz','Iz','P6','PO4','PO8','O2','I2'}
11.3748264651327;10.0998221981455;-14.0720632697189;-9.2577908403188;-1.86280834604297;-1.03041398595776;7;2;[0.5 1.5] ;RDK2;center;17;orange;attended;primed;{'P5','PO3','PO7','O1','I1','POz','Oz','Iz','P6','PO4','PO8','O2','I2'}
3.35738688813159;1.3654028046766;-2.12735078343259;0.59338644167104;-0.0729758485534489;0.00805432186324206;7;2;[0.5 1.5] ;RDK3;center;23;grün;attended;nonprimed;{'P5','PO3','PO7','O1','I1','POz','Oz','Iz','P6','PO4','PO8','O2','I2'}
5.85734068994691;3.89142781390241;4.71902051218027;13.3723424881509;0.26395310734856;0.458996474390199;7;3;[0.5 1.5] ;RDK1;center;20;blau;attended;nonprimed;{'P5','PO3','PO7','O1','I1','POz','Oz','Iz','P6','PO4','PO8','O2','I2'}
9.54624569063356;8.11774133789469;-26.0228232545502;-25.439511334468;-3.35806630207942;-2.76971592423478;7;3;[0.5 1.5] ;RDK2;center;17;orange;not attended;not attended;{'P5','PO3','PO7','O1','I1','POz','Oz','Iz','P6','PO4','PO8','O2','I2'}
3.27910505385089;1.37209914792219;-4.71437293866575;19.5867626222466;-0.162237733073488;0.224732066620384;7;3;[0.5 1.5] ;RDK3;center;23;grün;attended;primed;{'P5','PO3','PO7','O1','I1','POz','Oz','Iz','P6','PO4','PO8','O2','I2'}
5.34838085343852;3.44146799723778;-2.52047291202864;0.531575321904199;-0.138290053993992;0.0181972624282158;7;1;[1 2] ;RDK1;center;20;blau;attended;primed;{'P5','PO3','PO7','O1','I1','POz','Oz','Iz','P6','PO4','PO8','O2','I2'}
11.610426053493;10.2498524739192;-8.70079555429994;-5.55240692844251;-1.10647123381936;-0.602570695989936;7;1;[1 2] ;RDK2;center;17;orange;attended;nonprimed;{'P5','PO3','PO7','O1','I1','POz','Oz','Iz','P6','PO4','PO8','O2','I2'}
3.23915249073999;1.03084018244546;-6.03783069725159;-23.7166962460112;-0.208141792455369;-0.320491146582824;7;1;[1 2] ;RDK3;center;23;grün;not attended;not attended;{'P5','PO3','PO7','O1','I1','POz','Oz','Iz','P6','PO4','PO8','O2','I2'}
5.58015953718558;3.02569248337717;-4.25881669392361;-10.7172138351582;-0.248220000746687;-0.363194236388573;7;2;[1 2] ;RDK1;center;20;blau;not attended;not attended;{'P5','PO3','PO7','O1','I1','POz','Oz','Iz','P6','PO4','PO8','O2','I2'}
11.1635306996001;9.75804570722862;-15.6682378775436;-12.3284937909445;-2.07410411157552;-1.37219047687463;7;2;[1 2] ;RDK2;center;17;orange;attended;primed;{'P5','PO3','PO7','O1','I1','POz','Oz','Iz','P6','PO4','PO8','O2','I2'}
3.66122415926329;1.50725987518327;6.72994200028403;11.0444292138744;0.230861422578259;0.149911392369919;7;2;[1 2] ;RDK3;center;23;grün;attended;nonprimed;{'P5','PO3','PO7','O1','I1','POz','Oz','Iz','P6','PO4','PO8','O2','I2'}
5.82584071864743;3.6953377970577;4.15585604638351;7.65948191065204;0.232453136049078;0.262906457545489;7;3;[1 2] ;RDK1;center;20;blau;attended;nonprimed;{'P5','PO3','PO7','O1','I1','POz','Oz','Iz','P6','PO4','PO8','O2','I2'}
10.1453352651653;8.68974673959631;-21.3802698594525;-20.1857097540819;-2.75897672754773;-2.19771052253317;7;3;[1 2] ;RDK2;center;17;orange;not attended;not attended;{'P5','PO3','PO7','O1','I1','POz','Oz','Iz','P6','PO4','PO8','O2','I2'}
3.52594797851066;1.6030139298834;2.45849358302082;39.7123863850636;0.0846051915862858;0.455646848581599;7;3;[1 2] ;RDK3;center;23;grün;attended;primed;{'P5','PO3','PO7','O1','I1','POz','Oz','Iz','P6','PO4','PO8','O2','I2'}
5.26908106352451;2.29073997397395;0;0;0;0;8;1;[-1 0] ;RDK1;center;20;grün;attended;primed;{'P5','PO3','PO7','O1','I1','POz','Oz','Iz','P6','PO4','PO8','O2','I2'}
4.63341166563993;2.20345794942957;0;0;0;0;8;1;[-1 0] ;RDK2;center;23;blau;attended;nonprimed;{'P5','PO3','PO7','O1','I1','POz','Oz','Iz','P6','PO4','PO8','O2','I2'}
10.0273478835292;7.50831792975319;0;0;0;0;8;1;[-1 0] ;RDK3;center;17;orange;not attended;not attended;{'P5','PO3','PO7','O1','I1','POz','Oz','Iz','P6','PO4','PO8','O2','I2'}
5.39121889362674;2.18840467083384;0;0;0;0;8;2;[-1 0] ;RDK1;center;20;grün;not attended;not attended;{'P5','PO3','PO7','O1','I1','POz','Oz','Iz','P6','PO4','PO8','O2','I2'}
4.5678590627817;2.16022632848582;0;0;0;0;8;2;[-1 0] ;RDK2;center;23;blau;attended;primed;{'P5','PO3','PO7','O1','I1','POz','Oz','Iz','P6','PO4','PO8','O2','I2'}
9.94762924860215;7.18066443000319;0;0;0;0;8;2;[-1 0] ;RDK3;center;17;orange;attended;nonprimed;{'P5','PO3','PO7','O1','I1','POz','Oz','Iz','P6','PO4','PO8','O2','I2'}
5.19617252801297;2.2327100701586;0;0;0;0;8;3;[-1 0] ;RDK1;center;20;grün;attended;nonprimed;{'P5','PO3','PO7','O1','I1','POz','Oz','Iz','P6','PO4','PO8','O2','I2'}
4.50177961270485;1.95494355323047;0;0;0;0;8;3;[-1 0] ;RDK2;center;23;blau;not attended;not attended;{'P5','PO3','PO7','O1','I1','POz','Oz','Iz','P6','PO4','PO8','O2','I2'}
10.1151606712116;7.7130943445059;0;0;0;0;8;3;[-1 0] ;RDK3;center;17;orange;attended;primed;{'P5','PO3','PO7','O1','I1','POz','Oz','Iz','P6','PO4','PO8','O2','I2'}
5.44893011962168;2.74612164779528;3.41329074138168;19.8792389793303;0.179849056097177;0.455381673821331;8;1;[0.5 1.5] ;RDK1;center;20;grün;attended;primed;{'P5','PO3','PO7','O1','I1','POz','Oz','Iz','P6','PO4','PO8','O2','I2'}
4.56195697417626;1.92113650109641;-1.54216151337386;-12.8126542376836;-0.071454691463674;-0.282321448333165;8;1;[0.5 1.5] ;RDK2;center;23;blau;attended;nonprimed;{'P5','PO3','PO7','O1','I1','POz','Oz','Iz','P6','PO4','PO8','O2','I2'}
8.97291382388956;6.09724254368325;-10.5155827032954;-18.7934954176391;-1.05443405963965;-1.41107538606994;8;1;[0.5 1.5] ;RDK3;center;17;orange;not attended;not attended;{'P5','PO3','PO7','O1','I1','POz','Oz','Iz','P6','PO4','PO8','O2','I2'}
4.87983795877039;1.78892814107901;-9.48544188144317;-18.2542349264234;-0.511380934856348;-0.39947652975483;8;2;[0.5 1.5] ;RDK1;center;20;grün;not attended;not attended;{'P5','PO3','PO7','O1','I1','POz','Oz','Iz','P6','PO4','PO8','O2','I2'}
5.08784069535295;2.72303679920513;11.3834867806669;26.0533104007581;0.519981632571248;0.56281047071931;8;2;[0.5 1.5] ;RDK2;center;23;blau;attended;primed;{'P5','PO3','PO7','O1','I1','POz','Oz','Iz','P6','PO4','PO8','O2','I2'}
9.29399736110981;6.52761509362057;-6.57073028313949;-9.09455305631561;-0.653631887492343;-0.653049336382623;8;2;[0.5 1.5] ;RDK3;center;17;orange;attended;nonprimed;{'P5','PO3','PO7','O1','I1','POz','Oz','Iz','P6','PO4','PO8','O2','I2'}
4.86319074263939;2.20071323595103;-6.40821265226366;-1.43309400693015;-0.332981785373575;-0.0319968342075687;8;3;[0.5 1.5] ;RDK1;center;20;grün;attended;nonprimed;{'P5','PO3','PO7','O1','I1','POz','Oz','Iz','P6','PO4','PO8','O2','I2'}
4.35156932102858;1.70754153488656;-3.3366869238189;-12.6552000918434;-0.150210291676268;-0.247402018343909;8;3;[0.5 1.5] ;RDK2;center;23;blau;not attended;not attended;{'P5','PO3','PO7','O1','I1','POz','Oz','Iz','P6','PO4','PO8','O2','I2'}
10.8053972932714;8.53597714774002;6.82378307666729;10.6686469331244;0.690236622059839;0.822882803234124;8;3;[0.5 1.5] ;RDK3;center;17;orange;attended;primed;{'P5','PO3','PO7','O1','I1','POz','Oz','Iz','P6','PO4','PO8','O2','I2'}
4.89016868941177;2.05845389316773;-7.19124206943358;-10.1402203412571;-0.378912374112732;-0.232286080806213;8;1;[1 2] ;RDK1;center;20;grün;attended;primed;{'P5','PO3','PO7','O1','I1','POz','Oz','Iz','P6','PO4','PO8','O2','I2'}
4.76545070755411;2.13582283476665;2.84971531654183;-3.0694987703501;0.132039041914178;-0.0676351146629224;8;1;[1 2] ;RDK2;center;23;blau;attended;nonprimed;{'P5','PO3','PO7','O1','I1','POz','Oz','Iz','P6','PO4','PO8','O2','I2'}
9.08112886530408;6.46464579838973;-9.43638367009665;-13.9002122862659;-0.946219018225133;-1.04367213136346;8;1;[1 2] ;RDK3;center;17;orange;not attended;not attended;{'P5','PO3','PO7','O1','I1','POz','Oz','Iz','P6','PO4','PO8','O2','I2'}
4.77782860733348;1.81209284666727;-11.3775808104987;-17.1957147223223;-0.613390286293256;-0.376311824166563;8;2;[1 2] ;RDK1;center;20;grün;not attended;not attended;{'P5','PO3','PO7','O1','I1','POz','Oz','Iz','P6','PO4','PO8','O2','I2'}
4.59506874959144;1.96819583110555;0.595677021461616;-8.8893693613513;0.0272096868097425;-0.192030497380262;8;2;[1 2] ;RDK2;center;23;blau;attended;primed;{'P5','PO3','PO7','O1','I1','POz','Oz','Iz','P6','PO4','PO8','O2','I2'}
9.88318415365276;7.34691562031853;-0.647843755922539;2.31526193621698;-0.0644450949493933;0.166251190315337;8;2;[1 2] ;RDK3;center;17;orange;attended;nonprimed;{'P5','PO3','PO7','O1','I1','POz','Oz','Iz','P6','PO4','PO8','O2','I2'}
5.30016144916151;2.70996170953886;2.00125997718368;21.3754417001557;0.103988921148537;0.477251639380257;8;3;[1 2] ;RDK1;center;20;grün;attended;nonprimed;{'P5','PO3','PO7','O1','I1','POz','Oz','Iz','P6','PO4','PO8','O2','I2'}
4.36137721242284;1.52097373151568;-3.11881994146862;-22.1985857851329;-0.140402400282007;-0.433969821714791;8;3;[1 2] ;RDK2;center;23;blau;not attended;not attended;{'P5','PO3','PO7','O1','I1','POz','Oz','Iz','P6','PO4','PO8','O2','I2'}
10.3626489582852;7.98010374244148;2.44670643520264;3.46176756058714;0.247488287073621;0.267009397935586;8;3;[1 2] ;RDK3;center;17;orange;attended;primed;{'P5','PO3','PO7','O1','I1','POz','Oz','Iz','P6','PO4','PO8','O2','I2'}
3.66027923730703;1.4861628751783;0;0;0;0;9;1;[-1 0] ;RDK1;center;23;blau;attended;primed;{'P5','PO3','PO7','O1','I1','POz','Oz','Iz','P6','PO4','PO8','O2','I2'}
5.1510752869781;2.59333279270392;0;0;0;0;9;1;[-1 0] ;RDK2;center;17;orange;attended;nonprimed;{'P5','PO3','PO7','O1','I1','POz','Oz','Iz','P6','PO4','PO8','O2','I2'}
4.17065565402691;1.382674282312;0;0;0;0;9;1;[-1 0] ;RDK3;center;20;grün;not attended;not attended;{'P5','PO3','PO7','O1','I1','POz','Oz','Iz','P6','PO4','PO8','O2','I2'}
3.56910430044818;1.64490714369441;0;0;0;0;9;2;[-1 0] ;RDK1;center;23;blau;not attended;not attended;{'P5','PO3','PO7','O1','I1','POz','Oz','Iz','P6','PO4','PO8','O2','I2'}
4.96765646003407;2.62708522740906;0;0;0;0;9;2;[-1 0] ;RDK2;center;17;orange;attended;primed;{'P5','PO3','PO7','O1','I1','POz','Oz','Iz','P6','PO4','PO8','O2','I2'}
4.52019180207563;1.36008025802804;0;0;0;0;9;2;[-1 0] ;RDK3;center;20;grün;attended;nonprimed;{'P5','PO3','PO7','O1','I1','POz','Oz','Iz','P6','PO4','PO8','O2','I2'}
3.68080289265108;1.44835166483236;0;0;0;0;9;3;[-1 0] ;RDK1;center;23;blau;attended;nonprimed;{'P5','PO3','PO7','O1','I1','POz','Oz','Iz','P6','PO4','PO8','O2','I2'}
5.17010052810759;2.54956529743573;0;0;0;0;9;3;[-1 0] ;RDK2;center;17;orange;not attended;not attended;{'P5','PO3','PO7','O1','I1','POz','Oz','Iz','P6','PO4','PO8','O2','I2'}
4.4246293510911;1.62271064907841;0;0;0;0;9;3;[-1 0] ;RDK3;center;20;grün;attended;primed;{'P5','PO3','PO7','O1','I1','POz','Oz','Iz','P6','PO4','PO8','O2','I2'}
4.03474905646059;1.8386202454567;10.2306352842376;23.7159315553561;0.374469819153555;0.352457370278398;9;1;[0.5 1.5] ;RDK1;center;23;blau;attended;primed;{'P5','PO3','PO7','O1','I1','POz','Oz','Iz','P6','PO4','PO8','O2','I2'}
4.72065997264794;2.15650384639495;-8.35583427441336;-16.8443073537631;-0.430415314330152;-0.436828946308977;9;1;[0.5 1.5] ;RDK2;center;17;orange;attended;nonprimed;{'P5','PO3','PO7','O1','I1','POz','Oz','Iz','P6','PO4','PO8','O2','I2'}
4.81133310188203;0.999818221704494;15.3615522594517;-27.689533645431;0.64067744785512;-0.382856060607502;9;1;[0.5 1.5] ;RDK3;center;20;grün;not attended;not attended;{'P5','PO3','PO7','O1','I1','POz','Oz','Iz','P6','PO4','PO8','O2','I2'}
3.59407419142638;1.12217361224297;0.699612252157333;-31.7789082171164;0.0249698909782095;-0.522733531451437;9;2;[0.5 1.5] ;RDK1;center;23;blau;not attended;not attended;{'P5','PO3','PO7','O1','I1','POz','Oz','Iz','P6','PO4','PO8','O2','I2'}
5.13988233882295;2.96974491790907;3.46694422560156;13.0433412256654;0.172225878788875;0.342659690500011;9;2;[0.5 1.5] ;RDK2;center;17;orange;attended;primed;{'P5','PO3','PO7','O1','I1','POz','Oz','Iz','P6','PO4','PO8','O2','I2'}
5.06979625464897;1.09662092119984;12.1588745929092;-19.3708669229699;0.549604452573337;-0.263459336828198;9;2;[0.5 1.5] ;RDK3;center;20;grün;attended;nonprimed;{'P5','PO3','PO7','O1','I1','POz','Oz','Iz','P6','PO4','PO8','O2','I2'}
3.71677612694057;1.33482365918583;0.977320311319008;-7.83842822175864;0.0359732342894965;-0.113528005646531;9;3;[0.5 1.5] ;RDK1;center;23;blau;attended;nonprimed;{'P5','PO3','PO7','O1','I1','POz','Oz','Iz','P6','PO4','PO8','O2','I2'}
4.63012904246178;2.44326036330864;-10.4441196589935;-4.16953173288047;-0.539971485645813;-0.106304934127091;9;3;[0.5 1.5] ;RDK2;center;17;orange;not attended;not attended;{'P5','PO3','PO7','O1','I1','POz','Oz','Iz','P6','PO4','PO8','O2','I2'}
5.09125638572422;1.71605415527637;15.066279720554;5.75231981443951;0.666627034633118;0.0933435061979577;9;3;[0.5 1.5] ;RDK3;center;20;grün;attended;primed;{'P5','PO3','PO7','O1','I1','POz','Oz','Iz','P6','PO4','PO8','O2','I2'}
3.83201097736697;1.45683964575536;4.69176609012718;-1.97308316017637;0.171731740059937;-0.029323229422936;9;1;[1 2] ;RDK1;center;23;blau;attended;primed;{'P5','PO3','PO7','O1','I1','POz','Oz','Iz','P6','PO4','PO8','O2','I2'}
4.86743304715354;2.35163991514748;-5.506466592356;-9.31977871241298;-0.283642239824554;-0.241692877556445;9;1;[1 2] ;RDK2;center;17;orange;attended;nonprimed;{'P5','PO3','PO7','O1','I1','POz','Oz','Iz','P6','PO4','PO8','O2','I2'}
4.73756351696669;1.16879300499809;13.5927755721671;-15.4686667749597;0.566907862939778;-0.213881277313908;9;1;[1 2] ;RDK3;center;20;grün;not attended;not attended;{'P5','PO3','PO7','O1','I1','POz','Oz','Iz','P6','PO4','PO8','O2','I2'}
3.99840695900325;1.18055188206173;12.0283024091272;-28.229876890786;0.42930265855507;-0.464355261632676;9;2;[1 2] ;RDK1;center;23;blau;not attended;not attended;{'P5','PO3','PO7','O1','I1','POz','Oz','Iz','P6','PO4','PO8','O2','I2'}
5.07268204773672;2.48430767725911;2.11418781768826;-5.43482749095143;0.105025587702644;-0.142777550149952;9;2;[1 2] ;RDK2;center;17;orange;attended;primed;{'P5','PO3','PO7','O1','I1','POz','Oz','Iz','P6','PO4','PO8','O2','I2'}
4.93748215246483;1.18261936236415;9.23169565940949;-13.0478252747515;0.417290350389199;-0.177460895663888;9;2;[1 2] ;RDK3;center;20;grün;attended;nonprimed;{'P5','PO3','PO7','O1','I1','POz','Oz','Iz','P6','PO4','PO8','O2','I2'}
3.87546303709583;1.50281346602553;5.28852400201605;3.76026088936581;0.194660144444753;0.0544618011931697;9;3;[1 2] ;RDK1;center;23;blau;attended;nonprimed;{'P5','PO3','PO7','O1','I1','POz','Oz','Iz','P6','PO4','PO8','O2','I2'}
4.6410496658122;2.42299976010294;-10.2328931404557;-4.96420066040586;-0.529050862295388;-0.126565537332783;9;3;[1 2] ;RDK2;center;17;orange;not attended;not attended;{'P5','PO3','PO7','O1','I1','POz','Oz','Iz','P6','PO4','PO8','O2','I2'}
4.91803980579038;1.55948951963842;11.1514528234461;-3.89601987735132;0.493410454699274;-0.0632211294399916;9;3;[1 2] ;RDK3;center;20;grün;attended;primed;{'P5','PO3','PO7','O1','I1','POz','Oz','Iz','P6','PO4','PO8','O2','I2'}
4.63327033279915;0.893509728051502;0;0;0;0;10;1;[-1 0] ;RDK1;center;23;grün;attended;primed;{'P5','PO3','PO7','O1','I1','POz','Oz','Iz','P6','PO4','PO8','O2','I2'}
7.85661055491521;3.96194943732764;0;0;0;0;10;1;[-1 0] ;RDK2;center;20;orange;attended;nonprimed;{'P5','PO3','PO7','O1','I1','POz','Oz','Iz','P6','PO4','PO8','O2','I2'}
10.438997697548;3.60368716716766;0;0;0;0;10;1;[-1 0] ;RDK3;center;17;blau;not attended;not attended;{'P5','PO3','PO7','O1','I1','POz','Oz','Iz','P6','PO4','PO8','O2','I2'}
4.5254270635413;0.876236078742693;0;0;0;0;10;2;[-1 0] ;RDK1;center;23;grün;not attended;not attended;{'P5','PO3','PO7','O1','I1','POz','Oz','Iz','P6','PO4','PO8','O2','I2'}
7.1931597354144;3.30109294226184;0;0;0;0;10;2;[-1 0] ;RDK2;center;20;orange;attended;primed;{'P5','PO3','PO7','O1','I1','POz','Oz','Iz','P6','PO4','PO8','O2','I2'}
10.5062570487254;4.64611475495897;0;0;0;0;10;2;[-1 0] ;RDK3;center;17;blau;attended;nonprimed;{'P5','PO3','PO7','O1','I1','POz','Oz','Iz','P6','PO4','PO8','O2','I2'}
4.59798439719973;0.920714272373527;0;0;0;0;10;3;[-1 0] ;RDK1;center;23;grün;attended;nonprimed;{'P5','PO3','PO7','O1','I1','POz','Oz','Iz','P6','PO4','PO8','O2','I2'}
7.68464253498958;4.15607446255769;0;0;0;0;10;3;[-1 0] ;RDK2;center;20;orange;not attended;not attended;{'P5','PO3','PO7','O1','I1','POz','Oz','Iz','P6','PO4','PO8','O2','I2'}
10.3473144819045;4.25406240711551;0;0;0;0;10;3;[-1 0] ;RDK3;center;17;blau;attended;primed;{'P5','PO3','PO7','O1','I1','POz','Oz','Iz','P6','PO4','PO8','O2','I2'}
4.48261250687774;1.19637153822289;-3.25165196718394;33.8957484919443;-0.150657825921414;0.302861810171392;10;1;[0.5 1.5] ;RDK1;center;23;grün;attended;primed;{'P5','PO3','PO7','O1','I1','POz','Oz','Iz','P6','PO4','PO8','O2','I2'}
7.05860188444691;3.46704182540171;-10.1571621106898;-12.4915176166343;-0.798008670468302;-0.494907611925926;10;1;[0.5 1.5] ;RDK2;center;20;orange;attended;nonprimed;{'P5','PO3','PO7','O1','I1','POz','Oz','Iz','P6','PO4','PO8','O2','I2'}
8.88764800122504;3.82478679319811;-14.8610981750422;6.13537234987622;-1.55134969632301;0.221099626030442;10;1;[0.5 1.5] ;RDK3;center;17;blau;not attended;not attended;{'P5','PO3','PO7','O1','I1','POz','Oz','Iz','P6','PO4','PO8','O2','I2'}
4.416161321324;0.838970621838372;-2.41448465930619;-4.25290145069044;-0.109265742217295;-0.037265456904321;10;2;[0.5 1.5] ;RDK1;center;23;grün;not attended;not attended;{'P5','PO3','PO7','O1','I1','POz','Oz','Iz','P6','PO4','PO8','O2','I2'}
6.52608106827595;3.17021283242829;-9.27379193116201;-3.96475083018615;-0.667078667138456;-0.130880109833543;10;2;[0.5 1.5] ;RDK2;center;20;orange;attended;primed;{'P5','PO3','PO7','O1','I1','POz','Oz','Iz','P6','PO4','PO8','O2','I2'}
9.17447784243251;4.15146296193614;-12.6760577065306;-10.6465685655928;-1.33177920629287;-0.494651793022832;10;2;[0.5 1.5] ;RDK3;center;17;blau;attended;nonprimed;{'P5','PO3','PO7','O1','I1','POz','Oz','Iz','P6','PO4','PO8','O2','I2'}
4.35528286251091;1.06430298032669;-5.27843319426302;15.5953602829467;-0.242701534688825;0.143588707953162;10;3;[0.5 1.5] ;RDK1;center;23;grün;attended;nonprimed;{'P5','PO3','PO7','O1','I1','POz','Oz','Iz','P6','PO4','PO8','O2','I2'}
6.61296617349929;3.12174342934197;-13.9456891665519;-24.8872112984035;-1.07167636149028;-1.03433103321572;10;3;[0.5 1.5] ;RDK2;center;20;orange;not attended;not attended;{'P5','PO3','PO7','O1','I1','POz','Oz','Iz','P6','PO4','PO8','O2','I2'}
9.02775716499464;4.29251771530456;-12.7526549929214;0.903966714844873;-1.31955731690988;0.0384553081890529;10;3;[0.5 1.5] ;RDK3;center;17;blau;attended;primed;{'P5','PO3','PO7','O1','I1','POz','Oz','Iz','P6','PO4','PO8','O2','I2'}
4.3863944979109;1.38327807293841;-5.32832787978306;54.8139913322443;-0.246875834888255;0.489768344886909;10;1;[1 2] ;RDK1;center;23;grün;attended;primed;{'P5','PO3','PO7','O1','I1','POz','Oz','Iz','P6','PO4','PO8','O2','I2'}
7.21536959134615;3.67538494612338;-8.16180156935339;-7.23291641494409;-0.641240963569054;-0.286564491204256;10;1;[1 2] ;RDK2;center;20;orange;attended;nonprimed;{'P5','PO3','PO7','O1','I1','POz','Oz','Iz','P6','PO4','PO8','O2','I2'}
8.97978927680021;3.25924151470146;-13.9784341660558;-9.55814521316844;-1.45920842074784;-0.344445652466201;10;1;[1 2] ;RDK3;center;17;blau;not attended;not attended;{'P5','PO3','PO7','O1','I1','POz','Oz','Iz','P6','PO4','PO8','O2','I2'}
4.45548705518598;1.07247944687598;-1.54548968248283;22.3961752881568;-0.0699400083553163;0.196243368133285;10;2;[1 2] ;RDK1;center;23;grün;not attended;not attended;{'P5','PO3','PO7','O1','I1','POz','Oz','Iz','P6','PO4','PO8','O2','I2'}
7.08821072945228;3.717581028769;-1.45901119706022;12.6166725321522;-0.104949005962124;0.416488086507165;10;2;[1 2] ;RDK2;center;20;orange;attended;primed;{'P5','PO3','PO7','O1','I1','POz','Oz','Iz','P6','PO4','PO8','O2','I2'}
9.56725025177002;3.97059693668016;-8.93759587834641;-14.5394131205608;-0.939006796955358;-0.675517818278815;10;2;[1 2] ;RDK3;center;17;blau;attended;nonprimed;{'P5','PO3','PO7','O1','I1','POz','Oz','Iz','P6','PO4','PO8','O2','I2'}
4.45498258545554;1.09739377856607;-3.11009780353504;19.1893958303786;-0.143001811744193;0.176679506192546;10;3;[1 2] ;RDK1;center;23;grün;attended;nonprimed;{'P5','PO3','PO7','O1','I1','POz','Oz','Iz','P6','PO4','PO8','O2','I2'}
6.8243512345489;3.33246646618702;-11.1949423349703;-19.8169692047291;-0.860291300440681;-0.823607996370666;10;3;[1 2] ;RDK2;center;20;orange;not attended;not attended;{'P5','PO3','PO7','O1','I1','POz','Oz','Iz','P6','PO4','PO8','O2','I2'}
9.44365847322362;4.07770698804122;-8.73324194660574;-4.14557667934798;-0.903656008680896;-0.17635541907429;10;3;[1 2] ;RDK3;center;17;blau;attended;primed;{'P5','PO3','PO7','O1','I1','POz','Oz','Iz','P6','PO4','PO8','O2','I2'}
